10070,Esmaria Koppelmann
10000,Lu Peinke
10029,Kristyn Timlin
10000,Phillip Boxer
10051,Adrea Le Borgne
10089,Grenville Djokovic
10083,Ailey Mannion
10063,Janette Cambell
10094,Richardo Matuszak
10003,Gwendolen Longman
10095,Jessika Coom
10009,Kristien Buntain
10000,Adam McGinly
10023,Marlowe Derx
10005,Nicholas Hounsom
10055,Skipton Flemmich
10012,Marlee Stollmeyer
10083,Kalinda Gillaspy
10004,Lorraine Kassel
10002,Kai Jammet
10027,Myrah Cavell
10002,Arney Lathwell
10048,Martin Physic
10010,Deane Antonik
10019,Lavina Spurgin
10095,Barnard Riggeard
10060,Kari Van der Baaren
10012,Willard Kibbe
10065,Claudie Becarra
10029,Worthington Copestick
10053,Winfield Shoebottom
10059,Wylie Steptowe
10090,Rowney Dumphrey
10027,Alethea Bachellier
10011,Holli Puxley
10048,Evey Nealey
10022,Joey Mulrean
10037,Clovis Buy
10074,Georgi Arnaez
10067,Orlan MacGray
10064,Dorene Lamberts
10053,Chaim Scammonden
10048,Bibbie Scrivin
10049,Thedric Berntssen
10028,Louis Penner
10073,Harriett de Castelain
10100,Iorgos Stourton
10075,Evy Commin
10007,Jermain Taye
10013,Josias Daverin
10020,Glendon Barbary
10074,Velma Stanyard
10064,Row Geall
10002,Karel Richel
10089,Benoit Mabley
10030,Jodie Napoli
10067,Alexandrina McAreavey
10035,Trude Glander
10041,Wynn Jiru
10015,Anya Rowaszkiewicz
10070,Vittorio Kibblewhite
10046,Asia Mancer
10091,Melania Kochl
10042,Glenn Evenett
10052,Scotty Claasen
10022,Claudine O Mullen
10029,Tillie Davitashvili
10015,Thatch Rushbrooke
10012,Galen Mattholie
10028,Lucky Treend
10069,Glad Karmel
10072,Elayne Curgenuer
10018,Sylvester Insley
10044,Alida Osgood
10062,Delinda McGarvie
10002,Eudora De Micoli
10012,Jesus Davydochkin
10079,Ellynn Krates
10075,Filia Niesegen
10070,Bobbie Ivakin
10024,Mathias Somerscales
10016,Meaghan Pates
10054,Stanleigh Brittoner
10047,Becka Theze
10013,Godiva O'Teague
10043,Inna Linzey
10045,Britni Dayer
10017,Kaja Horley
10094,Malinda Belvard
10078,Corliss Kerford
10089,Coleen Levine
10003,Carly Joire
10045,Abbi Stainton - Skinn
10054,Lola Maroney
10090,Ardisj McGeorge
10098,Muriel Robillard
10011,Perla Allanson
10004,Pate Jurasz
10035,Kore Reolfo
10048,Ruperto Toffetto
10091,Jaclyn McCaighey
10002,Keefe MacPaik
10054,Laurette Phebey
10008,Augustine Pevie
10075,Dodie Torpie
10093,Audi Thoms
10092,Waring Gorgl
10055,Fransisco Barthelme
10100,Mariette Tolerton
10001,Latrena Hamby
10097,Tomi King
10040,Verene Musterd
10031,Donielle Hindenburg
10037,Ingaberg De Atta
10099,Glyn Gallymore
10061,Ida Merrett
10013,Joachim Gentner
10011,Auroora Qusklay
10001,Giles Stallibrass
10020,Clemmie Goligly
10067,Reba Paynton
10070,Hector Fullicks
10007,Jay Jamieson
10026,Tabb Eilhart
10097,Consalve Headland
10072,Gladys Pillman
10065,Carmelina Crowdy
10011,Flossi Vonderdell
10027,Sandra Ridgley
10034,Igor Caldron
10083,Dyan Villaron
10061,Robert Castanho
10047,Vannie Spirit
10081,Price Hendricks
10089,Stephan De Hooch
10082,Kathryn Scotson
10039,Alberik Thomazin
10033,Loraine Haggarty
10041,Rossy McCue
10058,Emmy Beenham
10031,Nariko Twede
10013,Nannie Calton
10045,Bettine Kedge
10058,Eduard Taunton.
10011,Erich Causley
10039,Gerick McEniry
10012,Simmonds Thomen
10046,Carny Kilduff
10007,Ingaborg Vasiltsov
10014,Petronilla Pawlik
10087,Aldous Timlin
10090,Celinka Metterick
10017,Agustin Jemison
10032,Reid Shorton
10095,Frederique Siegertsz
10070,Sacha Desorts
10052,Burke Littlejohns
10006,Fidela Urwen
10096,Lindie Barthelet
10087,Margeaux Sendall
10010,Kermie Mayling
10099,Reed Kellard
10006,Standford Jervoise
10062,Townsend Hadigate
10028,Erda Van der Hoven
10015,Moyna Ionnidis
10015,Olin Bang
10045,Caroljean Chester
10061,Shurwood Duffit
10081,Gene Duny
10001,Annora Houseman
10032,Sunny Isakowicz
10020,Wilhelm Pedrielli
10023,Kelila Viger
10016,Judah Takkos
10071,Arv Van Son
10077,Jeniffer McCarrell
10070,Vanni Axelbey
10100,Theresina Cords
10057,Garald Reiner
10082,Frederick Picknett
10019,Seward Okenfold
10020,Dianemarie Stump
10012,Elinor Trahair
10053,Gilbertine Late
10097,Hermie Creak
10067,Alice Richardeau
10080,Betty Malitrott
10042,Arleen Luxford
10074,Killy Sneyd
10035,Jermaine Kovelmann
10058,Cristobal Redmire
10029,Shannon Pawlick
10002,Marleen Loxdale
10088,Amaleta Thalmann
10071,Nicki Furby
10046,Bendix Ide
10067,Penn Wesson
10044,Lutero Pecha
10051,Ira Ledward
10023,Carmina Fomichkin
10031,Fonsie Henriksson
10038,Stanislaw Brownsett
10037,Laurena Lindwasser
10011,Wilhelmina Hissett
10009,Betsy Jagels
10036,Dudley Everil
10020,Carly Janes
10083,Alfonso Fitzsimmons
10055,Jud Hovell
10090,Natasha Allred
10029,Bobine Hein
10071,Garwin Barkas
10042,Tatum Meadley
10047,Codie Treweek
10054,Gherardo Meaney
10097,Celestyna Dmitriev
10038,Angelique Lauks
10050,Garvin Mungan
10082,Sadye Healeas
10038,Joseito Wake
10014,Milissent Kohn
10007,Shara Elener
10100,Aloise Allaker
10003,Tabbitha Bonanno
10029,Joelynn Dunsford
10014,Glennie Pellew
10076,Clary Purbrick
10034,Artur Fluck
10046,Son Ruppeli
10083,Elyn Escofier
10044,Northrop Joskovitch
10054,Ranique Largent
10100,Alayne Whetland
10008,Odele Singh
10089,Kit Crosseland
10075,Ofilia Bindon
10044,Immanuel Vanshin
10067,Sutherland Trusty
10006,Phylis Rigge
10025,Matt Milam
10000,Daven Murdy
10008,Paxon Lydden
10099,Rikki Mariner
10008,Katharine Foad
10064,Thorny Wharfe
10054,Salli Robke
10012,Hillery Law
10035,Ophelia Canti
10034,Rhianon Betho
10071,Tallia Pringell
10045,Fania Sainsberry
10019,Waneta Kloster
10021,Gaelan Bridge
10012,Lynda Pantlin
10075,Emanuel O'Sheerin
10020,Nicolis Fawdrey
10095,Mirabelle Cops
10087,Brandtr Creebo
10055,Gasper Eastby
10077,El Sutterfield
10055,Bess Gauge
10027,Esther Losseljong
10070,Hendrika Mallabon
10085,Tandi Schwandt
10003,Elna Gepp
10057,Simone FitzGibbon
10011,Letty Ortells
10063,Cecilius Mepsted
10008,Darcey Marrian
10029,Cesaro Dehm
10027,Stanwood Tremayne
10070,Alice Copyn
10014,Ariana Balmann
10061,Kippy Gobbet
10038,Cayla Whitby
10013,Westbrook Kennagh
10084,Mannie Airlie
10038,Tammie Stourton
10067,Roseann Mart
10090,Jasmine Bleier
10077,Annemarie Popping
10018,Shanan De Bernardis
10018,Billye Parzis
10064,Waneta Helleker
10022,Corinne Roscoe
10098,Ronnie Chagg
10066,Bil Ellicock
10069,Mirella Rosten
10049,Gay Cropper
10021,Rosalinde Kitto
10097,Amalia Dodgshun
10061,Quentin Loughhead
10057,Barrett Shackleford
10069,Lemmy Cathrall
10097,Juline Regan
10011,Bartolemo Shallcroff
10027,Guenevere Rozycki
10026,Pinchas Wand
10072,Glendon Eaglen
10094,Thorvald Firebrace
10025,Trina Seys
10012,Kirby Surgener
10015,Alaster Finding
10002,Prent Silliman
10075,Marrissa Boriston
10099,Rebeca Thow
10051,Cleavland Kermitt
10079,Amandy Ochterlony
10090,Jenifer Issac
10022,Stirling MacFadzan
10078,Loleta Serrier
10052,Ronnie Colson
10039,Allard Layfield
10074,Adorne Kaas
10008,Valentino Ludlom
10017,Anna-maria Lawless
10009,Gannie Greystoke
10020,Baillie Fincham
10046,Bay Arran
10066,Sari McGhie
10070,Leandra Ambrogio
10046,Starlene Duffett
10005,Amii Lehemann
10031,Ailey Errington
10062,Virgie Koschke
10072,Laurence Bediss
10095,Terry Klejna
10067,Janka O'Hone
10043,Yul Pinckney
10064,Serge Morffew
10045,Keith McLucas
10049,Doe Danniell
10083,Marylin Pick
10095,Ingelbert Boffin
10018,Cornelius Currall
10003,Gabrielle Bohl
10013,Leola Hegdonne
10027,Gerrie Ringwood
10100,Kattie McLugaish
10018,Nance Cumbridge
10007,Julienne Mardell
10006,Veronica Armes
10011,Radcliffe Vanns
10020,Stormy Bouette
10018,Charlton Milier
10028,Auroora Needham
10037,Lexie Brithman
10083,Barton Yvens
10012,Lexie Godbald
10058,Mira Thresh
10072,Elie Urlich
10007,Nathan Opfer
10093,Tome Kondratowicz
10049,Carson Smaleman
10071,Nathanial Bernucci
10068,Lotta Hugnin
10094,Bibbie Cana
10034,Cicely Rodriguez
10043,Emmery Shalloo
10080,Astrix Machen
10009,Lion Ballay
10007,Godfree Miell
10041,Myrta Matkovic
10016,Helga Devanny
10072,Niven Dunton
10070,Falito McCarrell
10089,Petey Kinforth
10063,Dugald Janes
10092,Elyssa Dobbson
10055,Benetta Bordman
10062,Ennis Tattersfield
10083,Ileana Luquet
10010,Sherlock Gabby
10071,Dianne Ledgley
10022,Leslie Cluitt
10000,Starlin O'Driscole
10048,Corabella Cardillo
10024,Leda Roubottom
10060,Lisle Bethune
10043,Angela Craske
10067,Zerk Treweela
10014,Lenci Devigne
10095,Chico Benedite
10091,Cornie Concannon
10066,Veradis Harries
10015,Radcliffe Heliot
10017,Zared Aiers
10053,Biron Gilbert
10024,Emyle Jenyns
10015,Viole Roust
10039,Rhianon Fahrenbacher
10085,Kile Bannell
10025,Hayley Adamovitch
10011,Temp Knightly
10015,Kenyon Pirkis
10054,Dillon Marvell
10097,Agustin Cahey
10083,Rozanne Petigrew
10001,Herve Gerram
10001,Merry Noury
10034,Stillmann Buessen
10012,Wilhelm Wiltshear
10014,Roberta Pellatt
10096,Reider Kevern
10068,Collete Corking
10064,Mercy Duesbury
10027,Corbie Lubeck
10048,Lolly Boomes
10059,Carter Janaud
10075,Daron Roback
10002,Kelby Leppard
10004,Julio Taill
10065,Germana Fransemai
10022,Hermann Beecraft
10002,Neal Fenne
10054,Christoffer Luscott
10009,Timothy McKillop
10098,Cecilius McNysche
10055,Killie Caslake
10075,Chester Blunt
10052,Korry Rentoll
10066,Lorens Van der Beek
10077,Roma Sowman
10001,Hastie Extil
10081,Ida Lindberg
10054,Frederik Rumsby
10080,Carol-jean Spradbrow
10040,Estele Rysom
10074,Jeanelle Hassan
10039,Ellene Schach
10092,Alia Shoorbrooke
10082,Putnam Axe
10019,Sebastian Snedker
10090,Vanya Couronne
10074,Bengt Taylor
10040,Agosto Kenwood
10040,Travis Compton
10085,Sela Ovitz
10067,Alano McShea
10055,Ludovico Rosenwald
10038,Sinclair Henrie
10096,Mavra Thewlis
10051,Walden Sedger
10078,Darbie Ashfull
10023,Danyette Gunby
10005,Claire Pagden
10015,Ericka Enders
10054,Madalyn Hucks
10082,Emmett Adney
10001,Yardley Immins
10021,Tuckie Potkin
10074,Yolane Sheaber
10001,Baudoin Forrestall
10020,Frank Moger
10031,Ameline Hillam
10094,Zedekiah Foltin
10096,Eli Petters
10036,Fernande Petrescu
10042,Archibold Dilrew
10030,Ber Fazackerley
10002,Mario Frowen
10079,Ameline Frie
10003,Kirsti Leather
10077,Ahmed Skellington
10015,Elwyn Riediger
10023,Dinnie Pietrowski
10024,Danita Milmoe
10080,Bari Strickland
10074,Mella Ruane
10050,Nana Faux
10038,Therine Featherstonehaugh
10075,Arlen Brinkworth
10082,Udall Bordis
10002,Dedra Coston
10027,Nappy Broxis
10044,Silvie Marrow
10013,Amery Gretton
10010,Weber Moreno
10093,Murray Giggie
10094,Carlin Eakens
10015,Una McGinney
10095,Jakob Kipling
10001,Saudra McDaid
10004,Nikki Piatek
10068,Timothea Clapson
10010,Claudius Foyston
10076,Esmeralda Hair
10008,Adelice Augustus
10062,Danit Byllam
10058,Bertram Ryhorovich
10017,Ebba Hark
10082,Darlene Titt
10009,Brietta Whitehorn
10062,Gray Whawell
10018,Titus Nannoni
10079,Joey Cham
10005,Idelle Spatarul
10006,Lawrence Rodwell
10014,Richart Stambridge
10055,Orion Rangall
10034,Ree Reaper
10004,Leroi Davidovits
10001,Demetre Altham
10064,Merla Jugging
10089,Skip McCullock
10061,Tuesday Ewles
10092,Kort Benfell
10079,Joyan Posvner
10064,Lusa Spurgin
10022,Hannie Spadazzi
10044,Dasha Dyshart
10094,Alyss Saltsberger
10094,Savina Vink
10000,Abdel Jendas
10008,Menard Schimonek
10014,Stillman Keslake
10097,Shellysheldon Floyd
10015,Joe O'Sheerin
10042,Kayley Whanstall
10062,Cicely Furlow
10015,Gay Waitland
10088,Roderick Toffaloni
10047,Heinrick Tomes
10038,Dix Coulling
10084,Marie-jeanne Kleynermans
10059,Hamil Sturridge
10003,Ruben Tumulty
10083,Armstrong Leander
10049,Beverley Blayney
10072,Maurise Baysting
10002,Carol Whitman
10074,Gilda Gluyas
10099,Suzi Berrygun
10015,Grantley Drust
10053,Hilario Whatling
10042,Clifford Wraxall
10021,Hillie Cowper
10019,Sula Iskov
10058,Berky Mankor
10018,Lewes Rembrandt
10051,Annamarie Chessun
10088,Nissa Daffern
10100,Onida Saterweyte
10075,Kristien Huntley
10007,Vere Craze
10038,Alonzo Caldaro
10057,Sarette Messiter
10009,Allis Elijah
10094,Jacob Canto
10077,Renaldo Esley
10037,Elissa Cowlin
10071,Gaynor Davis
10002,Salomo Valeri
10002,Cchaddie Whitehurst
10025,Leigh Extall
10097,Drusy Woosnam
10075,Saunderson Fowlds
10022,Yardley Skeermer
10038,Mohandas Vigours
10075,Kit Cisec
10035,Demetre Towsey
10017,Bar Norley
10081,Lind Hambly
10015,Daffy Whiteman
10067,Lem Shawcroft
10054,Warde Frowing
10004,Fanchette MacGovern
10058,Konstantin De Michetti
10068,Joela Sharp
10012,Kareem Lethibridge
10077,Dud Sall
10026,Vassili Kendall
10096,Ernesto Carcass
10084,Gawen Bogeys
10062,Coriss Duester
10053,Malena Howgate
10062,Gasper Ewell
10027,Arabela Comizzoli
10095,Ella Casbolt
10089,Pru McWhan
10001,Ky Lattie
10096,Conn Geraud
10089,Bill Baccus
10025,Jelene Gauntlett
10100,Granville Dulson
10054,Mariette Gallihawk
10058,Zarla Basindale
10038,Romonda Ions
10066,Sherwood Sedgemore
10034,Latashia Beazer
10067,Otes Pace
10082,Shaina Sprowell
10039,Chan Lumbers
10047,Ambrosio Brookzie
10100,Stavros Kehri
10032,Eartha Mussetti
10027,Gertrudis Garron
10027,Danella Noble
10078,Yolande Bavidge
10005,Gerome Castaignet
10012,Bron Bacchus
10048,Marcelia Jerche
10054,Siegfried Clorley
10053,Cody Lancett
10039,Zebadiah Casserly
10001,Stevana Newis
10008,Fritz Merrywether
10018,Nathalia Absolem
10040,Bibbie Marron
10053,Tonye Rames
10048,Wileen Shires
10055,Harcourt Capell
10075,Norean Goly
10063,Elaine Syson
10011,Myrtle Skellion
10082,Harmonia Mustarde
10020,Roberta Berg
10017,Rockwell McKeand
10012,Madge Mustard
10012,Joan Crossley
10012,Zelda Diego
10063,Abagael Beste
10007,Persis Horsefield
10062,Claudelle Syncke
10049,Noe Bartoletti
10028,Sena Waghorn
10065,Sandy Bollini
10010,Valina Bonnin
10029,Rea Jakuszewski
10099,Sawyer Harfleet
10074,Amelita Tofano
10022,Kristoforo Pietruszewicz
10037,Krispin Jorge
10082,Abeu Charters
10091,Doy Cant
10062,Chauncey Mussilli
10074,Tyne Westwater
10006,Tamas Loomes
10035,Cori Vaughan
10059,Eduardo Timbridge
10016,Ginnifer Silbermann
10014,Mitch Thoma
10037,Evelyn Mockes
10070,Matteo Shankle
10021,Daron Dodge
10046,Eachelle Sayes
10013,Herby Magner
10001,Terese Ranklin
10079,Sharity Digger
10052,Eadmund Sowley
10007,Logan Blinder
10041,Ellie Penrose
10094,Magdalen Robshaw
10072,Donetta Collaton
10040,Judie Domerque
10070,Kennett Jefford
10051,Rolf Simakov
10001,Cheri Treagus
10051,Lonnard Please
10061,Iseabal Dohms
10085,Sheffie Isbell
10097,Feliza Vannuccini
10080,Gates Cutting
10009,Kevina Olivo
10005,Alejandrina Teasey
10038,Ellswerth Hands
10040,Maddy Gasken
10009,Amory Polino
10038,Yance Ludovici
10014,Giles Casham
10042,Dyanne Yanukhin
10064,Coretta Twopenny
10085,Mirella Dunkley
10094,Johan Thumim
10076,Robers Barron
10009,Abbe Bogies
10014,Arin Cordsen
10015,Sammy McFaul
10018,Tiena Pallasch
10050,Ardyce Gleasane
10025,Katerine Waberer
10032,Den Chimes
10067,Oralee Bentley
10067,Alessandra Lissandrini
10092,Gipsy Shinfield
10015,Robinetta Cuseck
10058,Siouxie Harnor
10003,Charles Keddie
10043,Emerson Matejic
10016,Gaby Wysome
10012,Sidnee Macias
10020,Page Schankelborg
10082,Nevins Proschek
10082,Clari Tomkies
10043,Fern Newlove
10034,Erek Delong
10004,Nancy Seaward
10099,Marion Barstock
10094,Alica Robertsen
10035,Jilly Dabbes
10088,Randall Lindl
10097,Barri Ravelus
10092,Sarene Towey
10097,Phyllis Tutchener
10058,Maire Markovich
10079,Joan Clyne
10082,Jasen Kebbell
10006,Calypso McPeeters
10061,Reggy Husset
10074,Kelcie Goldsbury
10039,Galvan Shepperd
10091,Mildred Cruft
10033,Jane Grayland
10073,Blane Ivanisov
10038,Kimmi Chestney
10095,Jeremiah Hodgon
10052,Bryanty Noweak
10050,Kayle Chestnutt
10061,Diannne Fauguel
10040,Reinaldos Beilby
10008,Celinka Haukey
10024,Seline Hawkey
10081,Fredric Daldry
10077,Merwin Mustill
10062,Steven Shilstone
10030,Nicolais Lilloe
10065,Adriano Rheaume
10038,Nap Hedge
10011,Shannan Rhubottom
10034,Janessa Ivankin
10075,Buffy Rajchert
10052,Craig Curtiss
10027,Gail Davoren
10092,Moe Mewe
10047,Drusy Lambert
10040,Philip Wychard
10016,Olympia Ellingford
10024,Bernetta McQuillan
10099,Othilia Cropp
10092,Vassily Dudliston
10005,Alikee Cleminson
10038,Zollie Baggaley
10094,Drugi Wisbey
10063,Jacintha Spincks
10089,L;urette Pettet
10019,Arda Swannell
10095,Adey Addie
10092,Ibrahim Boyd
10047,Cissy Shalcros
10034,Casey Kienl
10053,Oren Zecchinelli
10054,Matteo Hardi
10002,Amory Gleadhall
10098,Kendall Drynan
10074,Lorene Donisthorpe
10038,Moll Glossop
10081,Barbabas Pilmore
10018,Sibyl Vearncombe
10061,Ximenes Filkin
10012,Bogart Kas
10095,Marjorie Botcherby
10017,Tommie McKeag
10096,Geri Pilmoor
10077,Ebenezer Bulman
10021,Ferdie Wreight
10028,Tessi Pedrollo
10048,Johnathon Nerne
10083,Tabatha Callum
10059,Marna Gable
10069,Almire Demangel
10100,Kyla Sherland
10002,Lesley Crowhurst
10036,Sammy Older
10079,Yorgo Carlyle
10018,Hercules Bradford
10062,Rozalin Janman
10038,Fanechka Shortcliffe
10052,Chelsie Ludovici
10041,Alisa Fryers
10054,Linell Prosh
10008,Farand Rackstraw
10058,Candace Denisevich
10067,Barty Koba
10068,Ruben Jerke
10009,Goddard Cornelisse
10035,Hedvig Du Hamel
10082,Mort Mouse
10004,Hermina Cluely
10004,Banky Shovelbottom
10031,Anastasie Meadus
10080,Dolorita Howarth
10049,Lynnea Ackers
10010,Caron Challace
10017,Idell Vlasyev
10000,Milicent Barnewelle
10057,Marietta Aslum
10022,Lesli Karet
10038,Sherlock Sidden
10074,Whitaker Harcus
10020,Emlynne Abbado
10039,Ellary Crucetti
10094,Boonie Heinzler
10094,Frasco Tosh
10008,Ruth Muffin
10092,Raina Douris
10076,Mimi Wale
10048,Nikolaos Vynarde
10087,Colette Drohane
10043,Carson Fluin
10025,Patrick Halegarth
10090,Riccardo Dewane
10077,Sidonia Bushill
10058,Ynez Ledingham
10045,Dorice O'Fallone
10062,Georas Diano
10039,Mirelle Bilston
10035,Joni Melonby
10062,Boyce Wilding
10027,Gabie Pate
10042,Michel Strethill
10016,Abigail Giacopini
10016,Pauletta Stansfield
10077,Vitia Waryk
10042,Jeane Haslock(e)
10073,Kerk Genge
10013,Monika Lilly
10090,Maxine Peto
10027,Ethelred Thoma
10093,Aurelia Legion
10034,Shawn Mapplebeck
10022,Odie Bretherton
10013,Donal Rebert
10095,Padraic Bleackly
10036,Rafael Scardefield
10013,Morgana Fessby
10014,Benton Rance
10049,Ezmeralda Salandino
10096,Beltran Walton
10003,Kamila Martinek
10066,Tommi Orritt
10037,Vevay Ryde
10025,Correy Collingwood
10041,Mickie Cordeau
10070,Durant Eunson
10070,Saul Challes
10062,Leroi Iacovielli
10091,Kata O'Neary
10045,Abby Duffell
10052,Loni Windaybank
10059,Brittany Godspeede
10089,Alisander Lyman
10029,Tally Tarpey
10001,Nancy Close
10045,Mordy Fain
10010,Calv Bernardt
10028,Ryley Stanyforth
10085,Carlin Vezey
10070,Annadiane Ormston
10059,Cheryl Fain
10054,Caprice Vanner
10061,Noll Driver
10014,Travis Pigott
10045,Beck Pettigree
10010,Dael Yesinov
10015,Brittan Darnborough
10029,Lorraine Hinkes
10097,Frederica Hanshaw
10056,Silvie Peterson
10076,Gabrila Murphy
10047,Harley Aspinwall
10004,Domini Guite
10040,Sly McLorinan
10064,Fin Sadler
10046,Amandie Paddie
10070,Dotti Krop
10047,Emilia Shadrach
10012,Reese Ritson
10053,Chaddie Perceval
10070,Dulcie Seaton
10008,Richardo MacKonochie
10039,Geneva Woolager
10070,Elsa Boeck
10085,Caria Postance
10013,Enid Samworth
10006,Aldric Oldham
10073,Sara Doodney
10097,Renate Punshon
10091,Kalina Dybbe
10020,Neilla Gerrietz
10086,Bradney Foyston
10000,Lindi Harlick
10058,Pinchas Blunderfield
10082,Jacinta de Voiels
10028,Forest Prozescky
10068,Cleo Faust
10016,Molli Yurchishin
10042,Verna Laurenzi
10011,Dimitri Drei
10027,Paola Jancar
10037,Lorine MacTurlough
10048,Lonnie Plaunch
10018,Bobina Udell
10034,Wain Spraberry
10085,Virgil Curran
10015,Austen Fassan
10054,Heriberto Guillem
10027,Raeann Espinheira
10053,Wally Denyagin
10082,Earvin Dallywater
10037,Rozele Ingerith
10097,Demott Berlin
10001,Henry Rooper
10061,Leonie Bibbie
10015,Rhona Caze
10061,Oswell Bedrosian
10076,Richy McInility
10033,Dmitri Gilmartin
10001,Winna Gronowe
10022,Mahmoud Domenici
10013,Wenonah Emtage
10053,Cathryn MacFarlane
10083,Winna Eakens
10028,Cassaundra Helleckas
10096,Homere Lynch
10076,Martainn Biford
10008,Shelia Yearby
10085,Riccardo Featherby
10000,Rennie Hartzog
10040,Ellette Lis
10030,Mateo Hatfull
10057,Bernita Stockton
10099,Caesar Tomasino
10089,Joseph Pomfrey
10042,Austina Valois
10069,Dorolice Gelardi
10099,Elayne Vatini
10037,Tonye Legat
10099,Ely Coils
10027,Thomas Anning
10004,Roseann Yakuntzov
10006,Pandora Heaker
10066,Libby Wathey
10048,Caryl Blaske
10061,Cairistiona Higginbottam
10010,Welsh Worge
10079,Indira Zanettini
10034,Chery Guillou
10098,Alonzo Sansome
10034,Ilsa Pocknell
10041,Gaston Elnough
10051,Denny Merkle
10087,Sherwood Gard
10071,Tedie Pressland
10022,Jakob Kestin
10027,Corella Raywood
10064,Shell Losseljong
10038,Winnie Trumpeter
10051,Carmine Bignell
10018,Sheff Insoll
10010,Muffin Albion
10037,Arvy Muir
10014,Babita Basnett
10006,Shelagh Pleasants
10012,Cari Cussen
10006,Harper Kalinke
10022,Tallulah Roxburgh
10038,Terry Fishlock
10023,Marrissa Inglish
10060,Alf Dibben
10081,Gus Dillingston
10035,Wilfred Neeve
10028,Valery McHale
10098,Camille Notton
10001,Lexine Hablot
10096,Any Pikhno
10092,Zolly Hornbuckle
10009,Archer Iceton
10048,Theo Sparkwell
10002,Dominic Giraudoux
10002,Amalie Gile
10086,Huntlee Stit
10013,Kareem Pash
10015,Newton Crispe
10064,Sheeree Bagnold
10082,Cully Oliveras
10046,Dilly Cortez
10024,Eadmund Crayden
10063,Bartholomew Quinnet
10065,Tonie Monelle
10026,Netti Medlicott
10064,Ennis Gisbye
10002,Rosalinda MacAdie
10076,Killian Cuttler
10074,Angelle Matyushonok
10020,Otis Gealy
10050,Floyd Sandiford
10067,Yetty Peacey
10040,Byrle Eastop
10052,Sybil Vlasov
