1,quis tortor id nulla,Computacion
2,et tempus semper est quam,Comida
3,sed tristique in tempus sit amet sem,Computacion
4,nulla justo aliquam quis turpis eget elit sodales scelerisque,Computacion
5,interdum venenatis turpis enim,Comida
6,magna at nunc commodo placerat praesent blandit,Computacion
7,quis libero nullam sit amet turpis elementum ligula,Utileria
8,tortor duis mattis egestas metus aenean fermentum donec,Computacion
9,nascetur ridiculus mus vivamus vestibulum sagittis sapien cum sociis,Otros
10,aliquam non mauris morbi non lectus aliquam sit amet diam,Computacion
11,platea dictumst aliquam augue quam sollicitudin,Utileria
12,auctor gravida sem praesent id massa id nisl,Utileria
13,rhoncus dui vel sem sed sagittis nam congue risus semper,Computacion
14,morbi non lectus aliquam sit,Otros
15,ante ipsum primis in faucibus,Utileria
16,posuere cubilia curae,Computacion
17,mauris eget massa tempor,Computacion
18,pede lobortis ligula sit amet eleifend pede libero quis,Utileria
19,convallis tortor risus dapibus augue vel accumsan tellus nisi,Utileria
20,neque aenean auctor gravida sem praesent id massa,Comida
21,vulputate elementum nullam varius nulla facilisi cras,Utileria
22,erat nulla tempus vivamus in felis eu sapien,Comida
23,vitae nisi nam ultrices libero non,Utileria
24,iaculis diam erat fermentum,Utileria
25,morbi porttitor lorem id ligula suspendisse ornare,Otros
26,cum sociis natoque penatibus et magnis dis,Utileria
27,vestibulum rutrum rutrum neque aenean,Utileria
28,faucibus accumsan odio curabitur convallis duis consequat dui nec nisi,Otros
29,justo pellentesque viverra pede,Computacion
30,a pede posuere nonummy integer non velit donec diam neque,Comida
31,consequat ut nulla sed accumsan felis ut,Computacion
32,eget orci vehicula,Otros
33,dictumst aliquam augue quam sollicitudin vitae,Computacion
34,natoque penatibus et magnis dis parturient montes nascetur,Otros
35,dui vel nisl duis ac,Comida
36,platea dictumst aliquam,Otros
37,ac nulla sed,Utileria
38,fusce consequat nulla nisl nunc nisl duis bibendum,Utileria
39,leo maecenas pulvinar lobortis,Otros
40,laoreet ut rhoncus,Utileria
41,in lacus curabitur at ipsum ac tellus semper,Otros
42,purus aliquet at feugiat non pretium,Otros
43,vel nulla eget eros elementum pellentesque,Comida
44,in purus eu magna vulputate,Computacion
45,sapien sapien non mi integer ac neque,Comida
46,auctor gravida sem praesent id massa id nisl venenatis lacinia,Comida
47,dolor vel est donec odio justo sollicitudin ut,Comida
48,vestibulum aliquet ultrices erat,Otros
49,ac nulla sed vel enim sit,Otros
50,amet eros suspendisse accumsan tortor quis turpis sed ante,Comida
51,nec molestie sed,Computacion
52,quam a odio in hac,Comida
53,interdum mauris ullamcorper purus sit amet nulla quisque arcu,Utileria
54,mi pede malesuada in,Utileria
55,ipsum ac tellus semper interdum mauris ullamcorper purus sit,Utileria
56,nisi nam ultrices libero non mattis pulvinar nulla,Comida
57,eu est congue,Otros
58,erat vestibulum sed magna at nunc commodo,Comida
59,eget eleifend luctus ultricies,Utileria
60,erat volutpat in congue etiam justo etiam pretium iaculis justo,Otros
61,ante ipsum primis in faucibus orci luctus et ultrices posuere,Computacion
62,amet sem fusce consequat nulla nisl,Otros
63,sit amet consectetuer adipiscing,Otros
64,vulputate elementum nullam varius nulla facilisi cras non velit nec,Comida
65,id pretium iaculis diam,Utileria
66,proin leo odio porttitor id consequat in consequat,Comida
67,eros viverra eget congue eget semper rutrum nulla nunc,Comida
68,diam vitae quam suspendisse potenti nullam porttitor lacus at,Computacion
69,volutpat in congue etiam justo etiam,Computacion
70,nulla justo aliquam quis turpis eget elit sodales,Utileria
71,nam congue risus semper porta volutpat quam pede,Utileria
72,consequat dui nec nisi volutpat eleifend donec ut dolor morbi,Utileria
73,nullam orci pede venenatis non sodales sed,Computacion
74,congue elementum in,Utileria
75,tristique in tempus sit amet,Otros
76,cras in purus eu,Comida
77,est lacinia nisi venenatis tristique fusce congue diam id ornare,Utileria
78,cursus vestibulum proin eu,Computacion
79,mauris ullamcorper purus sit amet nulla quisque arcu libero rutrum,Comida
80,mauris viverra diam vitae quam suspendisse potenti nullam porttitor lacus,Otros
81,pulvinar sed nisl,Computacion
82,praesent blandit lacinia erat vestibulum sed,Utileria
83,dolor morbi vel,Comida
84,lobortis ligula sit amet eleifend pede libero quis,Comida
85,turpis integer aliquet massa id lobortis convallis,Comida
86,proin at turpis,Computacion
87,vulputate elementum nullam varius nulla facilisi cras non velit nec,Otros
88,enim in tempor turpis nec euismod scelerisque quam,Computacion
89,nec nisi vulputate nonummy maecenas tincidunt lacus at,Utileria
90,vestibulum ac est lacinia nisi venenatis tristique fusce congue diam,Comida
91,eget congue eget semper rutrum,Computacion
92,est donec odio justo sollicitudin ut suscipit a,Utileria
93,sapien cursus vestibulum proin eu,Computacion
94,augue vestibulum rutrum rutrum neque aenean auctor,Computacion
95,ante vestibulum ante ipsum primis in faucibus,Otros
96,eu est congue elementum in hac habitasse platea,Comida
97,elementum nullam varius nulla facilisi cras non velit,Otros
98,convallis duis consequat dui nec nisi volutpat eleifend,Computacion
99,sapien cursus vestibulum proin eu mi nulla ac enim in,Otros
100,amet eleifend pede libero quis orci nullam,Utileria
101,donec vitae nisi nam ultrices libero non,Computacion
102,et eros vestibulum ac est lacinia,Otros
103,morbi a ipsum integer a,Otros
104,potenti nullam porttitor,Utileria
105,ridiculus mus vivamus vestibulum,Comida
106,diam in magna bibendum imperdiet nullam orci pede venenatis non,Otros
107,turpis integer aliquet massa id lobortis convallis tortor risus dapibus,Utileria
108,sed nisl nunc rhoncus dui vel sem sed sagittis nam,Otros
109,eget elit sodales,Comida
110,mauris non ligula pellentesque ultrices phasellus id sapien in,Comida
111,sapien arcu sed,Computacion
112,venenatis lacinia aenean sit amet justo morbi ut odio,Computacion
113,nam ultrices libero non mattis,Utileria
114,congue risus semper porta volutpat quam pede lobortis ligula,Computacion
115,volutpat convallis morbi odio odio elementum eu interdum eu,Comida
116,diam in magna bibendum imperdiet,Computacion
117,nulla suscipit ligula in lacus,Computacion
118,curabitur gravida nisi at nibh in,Otros
119,id ornare imperdiet sapien urna pretium,Otros
120,volutpat erat quisque erat eros,Computacion
121,sodales sed tincidunt eu felis fusce posuere,Computacion
122,neque libero convallis eget eleifend luctus ultricies,Comida
123,id pretium iaculis diam erat fermentum justo nec condimentum neque,Computacion
124,neque libero convallis eget eleifend luctus,Utileria
125,id luctus nec molestie sed,Comida
126,at nulla suspendisse potenti,Otros
127,vel augue vestibulum ante ipsum,Computacion
128,id consequat in consequat ut nulla sed accumsan felis,Computacion
129,dui vel sem sed sagittis,Comida
130,ac tellus semper interdum mauris ullamcorper purus sit amet nulla,Comida
131,tortor risus dapibus,Computacion
132,nascetur ridiculus mus etiam vel,Comida
133,donec diam neque vestibulum eget vulputate,Comida
134,ullamcorper purus sit amet nulla quisque arcu libero rutrum ac,Computacion
135,sapien a libero nam dui proin leo odio porttitor id,Computacion
136,posuere cubilia curae duis faucibus accumsan,Otros
137,rhoncus mauris enim,Computacion
138,natoque penatibus et,Comida
139,velit id pretium iaculis diam erat fermentum justo nec,Utileria
140,pulvinar lobortis est phasellus sit amet erat,Utileria
141,donec posuere metus vitae ipsum aliquam non mauris morbi non,Utileria
142,id pretium iaculis diam erat fermentum justo nec condimentum,Computacion
143,rutrum neque aenean,Otros
144,viverra diam vitae quam suspendisse potenti nullam,Comida
145,hac habitasse platea dictumst morbi,Utileria
146,duis at velit eu est congue elementum,Utileria
147,a libero nam dui proin leo,Otros
148,turpis adipiscing lorem,Otros
149,etiam pretium iaculis justo in hac habitasse,Computacion
150,at nulla suspendisse potenti cras in purus eu magna,Otros
151,volutpat dui maecenas tristique est et tempus,Utileria
152,penatibus et magnis,Otros
153,erat vestibulum sed magna at nunc,Computacion
154,quam pede lobortis ligula sit amet eleifend pede libero,Computacion
155,purus sit amet nulla quisque arcu libero rutrum,Computacion
156,nec nisi volutpat eleifend donec ut dolor morbi vel,Utileria
157,morbi quis tortor id nulla ultrices aliquet maecenas leo,Otros
158,rhoncus aliquet pulvinar sed nisl nunc rhoncus,Utileria
159,pede posuere nonummy integer non velit donec diam neque vestibulum,Computacion
160,non velit nec nisi vulputate nonummy maecenas,Computacion
161,nec nisi volutpat eleifend donec ut dolor morbi,Computacion
162,donec quis orci eget orci vehicula condimentum curabitur in libero,Otros
163,sodales scelerisque mauris sit amet eros suspendisse accumsan tortor quis,Utileria
164,consequat varius integer ac leo,Utileria
165,aenean lectus pellentesque eget nunc,Computacion
166,quis tortor id,Otros
167,nec dui luctus rutrum nulla tellus,Computacion
168,odio curabitur convallis duis consequat,Computacion
169,semper sapien a libero nam dui proin leo,Utileria
170,scelerisque mauris sit amet eros suspendisse accumsan tortor quis,Utileria
171,vestibulum ante ipsum,Utileria
172,suscipit ligula in lacus curabitur at,Comida
173,posuere cubilia curae mauris viverra diam vitae quam suspendisse potenti,Computacion
174,ultrices enim lorem ipsum dolor sit amet,Utileria
175,felis sed interdum,Computacion
176,quam sollicitudin vitae consectetuer eget rutrum at lorem,Computacion
177,congue elementum in hac habitasse platea dictumst,Otros
178,ultrices enim lorem ipsum dolor,Otros
179,in leo maecenas,Utileria
180,sed tristique in tempus sit amet,Computacion
181,sed magna at nunc commodo placerat praesent blandit,Computacion
182,etiam faucibus cursus,Computacion
183,eleifend pede libero quis orci nullam,Comida
184,blandit lacinia erat vestibulum sed magna at,Utileria
185,sed ante vivamus tortor duis mattis egestas metus aenean fermentum,Otros
186,tortor quis turpis sed ante vivamus tortor duis,Computacion
187,non lectus aliquam sit amet diam in magna bibendum,Computacion
188,dui luctus rutrum nulla tellus in sagittis,Otros
189,eu interdum eu,Utileria
190,vestibulum vestibulum ante ipsum primis in faucibus orci luctus,Otros
191,quis tortor id nulla ultrices,Otros
192,nam congue risus semper,Comida
193,ut at dolor quis odio consequat varius integer,Comida
194,ipsum primis in faucibus orci luctus,Comida
195,in faucibus orci,Otros
196,pellentesque at nulla,Comida
197,eget tempus vel pede,Comida
198,accumsan odio curabitur convallis duis consequat dui nec,Otros
199,faucibus orci luctus,Comida
200,maecenas leo odio,Computacion
